{"cameraMode":{"drawMode":0,"name":"Shaded","section":"Shading Mode"},"sceneLighting":true,"audioPlay":false,"sceneViewState":{"m_AlwaysRefresh":false,"showFog":true,"showSkybox":true,"showFlares":true,"showImageEffects":true,"showParticleSystems":true,"showVisualEffectGraphs":true,"m_FxEnabled":true},"in2DMode":false,"pivot":{"x":3.02956223487854,"y":-2.5159571170806886,"z":16.16954231262207},"rotation":{"x":0.17976315319538117,"y":0.10601504147052765,"z":-0.019472142681479455,"w":0.9778233766555786},"size":12.12435531616211,"orthographic":false}