{"cameraMode":{"drawMode":0,"name":"Shaded","section":"Shading Mode"},"sceneLighting":true,"audioPlay":false,"sceneViewState":{"m_AlwaysRefresh":false,"showFog":true,"showSkybox":true,"showFlares":true,"showImageEffects":true,"showParticleSystems":true,"showVisualEffectGraphs":true,"m_FxEnabled":true},"in2DMode":false,"pivot":{"x":0.8440998792648315,"y":4.338198661804199,"z":-2.2804462909698488},"rotation":{"x":0.12878203392028809,"y":-0.5550744533538818,"z":0.08746809512376785,"w":0.8171340227127075},"size":0.9911866188049316,"orthographic":false}