{"cameraMode":{"drawMode":0,"name":"Shaded","section":"Shading Mode"},"sceneLighting":true,"audioPlay":false,"sceneViewState":{"m_AlwaysRefresh":false,"showFog":true,"showSkybox":true,"showFlares":true,"showImageEffects":true,"showParticleSystems":true,"showVisualEffectGraphs":true,"m_FxEnabled":true},"in2DMode":false,"pivot":{"x":0.689611554145813,"y":2.820253372192383,"z":-3.100984573364258},"rotation":{"x":-0.009445775300264359,"y":0.9675868153572083,"z":-0.24975703656673432,"w":-0.03659149631857872},"size":4.3657684326171879,"orthographic":false}