{"cameraMode":{"drawMode":0,"name":"Shaded","section":"Shading Mode"},"sceneLighting":false,"audioPlay":false,"sceneViewState":{"m_AlwaysRefresh":false,"showFog":true,"showSkybox":false,"showFlares":true,"showImageEffects":true,"showParticleSystems":true,"showVisualEffectGraphs":true,"m_FxEnabled":true},"in2DMode":false,"pivot":{"x":2.4791603088378908,"y":10.162389755249024,"z":-0.5351585149765015},"rotation":{"x":0.31494492292404177,"y":0.6815184950828552,"z":-0.4228247404098511,"w":0.5075923800468445},"size":1.1378159523010255,"orthographic":false}